Date,DateKey,Year,Quarter,Month,MonthName,Day,DayOfWeek,DayName,WeekOfYear,IsWeekend,IsMonthEnd,IsQuarterEnd,IsYearEnd
2010-12-01 08:26:00,20101201,2010,4,12,December,1,2,Wednesday,48,False,False,False,False
2010-12-02 08:26:00,20101202,2010,4,12,December,2,3,Thursday,48,False,False,False,False
2010-12-03 08:26:00,20101203,2010,4,12,December,3,4,Friday,48,False,False,False,False
2010-12-04 08:26:00,20101204,2010,4,12,December,4,5,Saturday,48,True,False,False,False
2010-12-05 08:26:00,20101205,2010,4,12,December,5,6,Sunday,48,True,False,False,False
2010-12-06 08:26:00,20101206,2010,4,12,December,6,0,Monday,49,False,False,False,False
2010-12-07 08:26:00,20101207,2010,4,12,December,7,1,Tuesday,49,False,False,False,False
2010-12-08 08:26:00,20101208,2010,4,12,December,8,2,Wednesday,49,False,False,False,False
2010-12-09 08:26:00,20101209,2010,4,12,December,9,3,Thursday,49,False,False,False,False
2010-12-10 08:26:00,20101210,2010,4,12,December,10,4,Friday,49,False,False,False,False
2010-12-11 08:26:00,20101211,2010,4,12,December,11,5,Saturday,49,True,False,False,False
2010-12-12 08:26:00,20101212,2010,4,12,December,12,6,Sunday,49,True,False,False,False
2010-12-13 08:26:00,20101213,2010,4,12,December,13,0,Monday,50,False,False,False,False
2010-12-14 08:26:00,20101214,2010,4,12,December,14,1,Tuesday,50,False,False,False,False
2010-12-15 08:26:00,20101215,2010,4,12,December,15,2,Wednesday,50,False,False,False,False
2010-12-16 08:26:00,20101216,2010,4,12,December,16,3,Thursday,50,False,False,False,False
2010-12-17 08:26:00,20101217,2010,4,12,December,17,4,Friday,50,False,False,False,False
2010-12-18 08:26:00,20101218,2010,4,12,December,18,5,Saturday,50,True,False,False,False
2010-12-19 08:26:00,20101219,2010,4,12,December,19,6,Sunday,50,True,False,False,False
2010-12-20 08:26:00,20101220,2010,4,12,December,20,0,Monday,51,False,False,False,False
2010-12-21 08:26:00,20101221,2010,4,12,December,21,1,Tuesday,51,False,False,False,False
2010-12-22 08:26:00,20101222,2010,4,12,December,22,2,Wednesday,51,False,False,False,False
2010-12-23 08:26:00,20101223,2010,4,12,December,23,3,Thursday,51,False,False,False,False
2010-12-24 08:26:00,20101224,2010,4,12,December,24,4,Friday,51,False,False,False,False
2010-12-25 08:26:00,20101225,2010,4,12,December,25,5,Saturday,51,True,False,False,False
2010-12-26 08:26:00,20101226,2010,4,12,December,26,6,Sunday,51,True,False,False,False
2010-12-27 08:26:00,20101227,2010,4,12,December,27,0,Monday,52,False,False,False,False
2010-12-28 08:26:00,20101228,2010,4,12,December,28,1,Tuesday,52,False,False,False,False
2010-12-29 08:26:00,20101229,2010,4,12,December,29,2,Wednesday,52,False,False,False,False
2010-12-30 08:26:00,20101230,2010,4,12,December,30,3,Thursday,52,False,False,False,False
2010-12-31 08:26:00,20101231,2010,4,12,December,31,4,Friday,52,False,True,True,True
2011-01-01 08:26:00,20110101,2011,1,1,January,1,5,Saturday,52,True,False,False,False
2011-01-02 08:26:00,20110102,2011,1,1,January,2,6,Sunday,52,True,False,False,False
2011-01-03 08:26:00,20110103,2011,1,1,January,3,0,Monday,1,False,False,False,False
2011-01-04 08:26:00,20110104,2011,1,1,January,4,1,Tuesday,1,False,False,False,False
2011-01-05 08:26:00,20110105,2011,1,1,January,5,2,Wednesday,1,False,False,False,False
2011-01-06 08:26:00,20110106,2011,1,1,January,6,3,Thursday,1,False,False,False,False
2011-01-07 08:26:00,20110107,2011,1,1,January,7,4,Friday,1,False,False,False,False
2011-01-08 08:26:00,20110108,2011,1,1,January,8,5,Saturday,1,True,False,False,False
2011-01-09 08:26:00,20110109,2011,1,1,January,9,6,Sunday,1,True,False,False,False
2011-01-10 08:26:00,20110110,2011,1,1,January,10,0,Monday,2,False,False,False,False
2011-01-11 08:26:00,20110111,2011,1,1,January,11,1,Tuesday,2,False,False,False,False
2011-01-12 08:26:00,20110112,2011,1,1,January,12,2,Wednesday,2,False,False,False,False
2011-01-13 08:26:00,20110113,2011,1,1,January,13,3,Thursday,2,False,False,False,False
2011-01-14 08:26:00,20110114,2011,1,1,January,14,4,Friday,2,False,False,False,False
2011-01-15 08:26:00,20110115,2011,1,1,January,15,5,Saturday,2,True,False,False,False
2011-01-16 08:26:00,20110116,2011,1,1,January,16,6,Sunday,2,True,False,False,False
2011-01-17 08:26:00,20110117,2011,1,1,January,17,0,Monday,3,False,False,False,False
2011-01-18 08:26:00,20110118,2011,1,1,January,18,1,Tuesday,3,False,False,False,False
2011-01-19 08:26:00,20110119,2011,1,1,January,19,2,Wednesday,3,False,False,False,False
2011-01-20 08:26:00,20110120,2011,1,1,January,20,3,Thursday,3,False,False,False,False
2011-01-21 08:26:00,20110121,2011,1,1,January,21,4,Friday,3,False,False,False,False
2011-01-22 08:26:00,20110122,2011,1,1,January,22,5,Saturday,3,True,False,False,False
2011-01-23 08:26:00,20110123,2011,1,1,January,23,6,Sunday,3,True,False,False,False
2011-01-24 08:26:00,20110124,2011,1,1,January,24,0,Monday,4,False,False,False,False
2011-01-25 08:26:00,20110125,2011,1,1,January,25,1,Tuesday,4,False,False,False,False
2011-01-26 08:26:00,20110126,2011,1,1,January,26,2,Wednesday,4,False,False,False,False
2011-01-27 08:26:00,20110127,2011,1,1,January,27,3,Thursday,4,False,False,False,False
2011-01-28 08:26:00,20110128,2011,1,1,January,28,4,Friday,4,False,False,False,False
2011-01-29 08:26:00,20110129,2011,1,1,January,29,5,Saturday,4,True,False,False,False
2011-01-30 08:26:00,20110130,2011,1,1,January,30,6,Sunday,4,True,False,False,False
2011-01-31 08:26:00,20110131,2011,1,1,January,31,0,Monday,5,False,True,False,False
2011-02-01 08:26:00,20110201,2011,1,2,February,1,1,Tuesday,5,False,False,False,False
2011-02-02 08:26:00,20110202,2011,1,2,February,2,2,Wednesday,5,False,False,False,False
2011-02-03 08:26:00,20110203,2011,1,2,February,3,3,Thursday,5,False,False,False,False
2011-02-04 08:26:00,20110204,2011,1,2,February,4,4,Friday,5,False,False,False,False
2011-02-05 08:26:00,20110205,2011,1,2,February,5,5,Saturday,5,True,False,False,False
2011-02-06 08:26:00,20110206,2011,1,2,February,6,6,Sunday,5,True,False,False,False
2011-02-07 08:26:00,20110207,2011,1,2,February,7,0,Monday,6,False,False,False,False
2011-02-08 08:26:00,20110208,2011,1,2,February,8,1,Tuesday,6,False,False,False,False
2011-02-09 08:26:00,20110209,2011,1,2,February,9,2,Wednesday,6,False,False,False,False
2011-02-10 08:26:00,20110210,2011,1,2,February,10,3,Thursday,6,False,False,False,False
2011-02-11 08:26:00,20110211,2011,1,2,February,11,4,Friday,6,False,False,False,False
2011-02-12 08:26:00,20110212,2011,1,2,February,12,5,Saturday,6,True,False,False,False
2011-02-13 08:26:00,20110213,2011,1,2,February,13,6,Sunday,6,True,False,False,False
2011-02-14 08:26:00,20110214,2011,1,2,February,14,0,Monday,7,False,False,False,False
2011-02-15 08:26:00,20110215,2011,1,2,February,15,1,Tuesday,7,False,False,False,False
2011-02-16 08:26:00,20110216,2011,1,2,February,16,2,Wednesday,7,False,False,False,False
2011-02-17 08:26:00,20110217,2011,1,2,February,17,3,Thursday,7,False,False,False,False
2011-02-18 08:26:00,20110218,2011,1,2,February,18,4,Friday,7,False,False,False,False
2011-02-19 08:26:00,20110219,2011,1,2,February,19,5,Saturday,7,True,False,False,False
2011-02-20 08:26:00,20110220,2011,1,2,February,20,6,Sunday,7,True,False,False,False
2011-02-21 08:26:00,20110221,2011,1,2,February,21,0,Monday,8,False,False,False,False
2011-02-22 08:26:00,20110222,2011,1,2,February,22,1,Tuesday,8,False,False,False,False
2011-02-23 08:26:00,20110223,2011,1,2,February,23,2,Wednesday,8,False,False,False,False
2011-02-24 08:26:00,20110224,2011,1,2,February,24,3,Thursday,8,False,False,False,False
2011-02-25 08:26:00,20110225,2011,1,2,February,25,4,Friday,8,False,False,False,False
2011-02-26 08:26:00,20110226,2011,1,2,February,26,5,Saturday,8,True,False,False,False
2011-02-27 08:26:00,20110227,2011,1,2,February,27,6,Sunday,8,True,False,False,False
2011-02-28 08:26:00,20110228,2011,1,2,February,28,0,Monday,9,False,True,False,False
2011-03-01 08:26:00,20110301,2011,1,3,March,1,1,Tuesday,9,False,False,False,False
2011-03-02 08:26:00,20110302,2011,1,3,March,2,2,Wednesday,9,False,False,False,False
2011-03-03 08:26:00,20110303,2011,1,3,March,3,3,Thursday,9,False,False,False,False
2011-03-04 08:26:00,20110304,2011,1,3,March,4,4,Friday,9,False,False,False,False
2011-03-05 08:26:00,20110305,2011,1,3,March,5,5,Saturday,9,True,False,False,False
2011-03-06 08:26:00,20110306,2011,1,3,March,6,6,Sunday,9,True,False,False,False
2011-03-07 08:26:00,20110307,2011,1,3,March,7,0,Monday,10,False,False,False,False
2011-03-08 08:26:00,20110308,2011,1,3,March,8,1,Tuesday,10,False,False,False,False
2011-03-09 08:26:00,20110309,2011,1,3,March,9,2,Wednesday,10,False,False,False,False
2011-03-10 08:26:00,20110310,2011,1,3,March,10,3,Thursday,10,False,False,False,False
2011-03-11 08:26:00,20110311,2011,1,3,March,11,4,Friday,10,False,False,False,False
2011-03-12 08:26:00,20110312,2011,1,3,March,12,5,Saturday,10,True,False,False,False
2011-03-13 08:26:00,20110313,2011,1,3,March,13,6,Sunday,10,True,False,False,False
2011-03-14 08:26:00,20110314,2011,1,3,March,14,0,Monday,11,False,False,False,False
2011-03-15 08:26:00,20110315,2011,1,3,March,15,1,Tuesday,11,False,False,False,False
2011-03-16 08:26:00,20110316,2011,1,3,March,16,2,Wednesday,11,False,False,False,False
2011-03-17 08:26:00,20110317,2011,1,3,March,17,3,Thursday,11,False,False,False,False
2011-03-18 08:26:00,20110318,2011,1,3,March,18,4,Friday,11,False,False,False,False
2011-03-19 08:26:00,20110319,2011,1,3,March,19,5,Saturday,11,True,False,False,False
2011-03-20 08:26:00,20110320,2011,1,3,March,20,6,Sunday,11,True,False,False,False
2011-03-21 08:26:00,20110321,2011,1,3,March,21,0,Monday,12,False,False,False,False
2011-03-22 08:26:00,20110322,2011,1,3,March,22,1,Tuesday,12,False,False,False,False
2011-03-23 08:26:00,20110323,2011,1,3,March,23,2,Wednesday,12,False,False,False,False
2011-03-24 08:26:00,20110324,2011,1,3,March,24,3,Thursday,12,False,False,False,False
2011-03-25 08:26:00,20110325,2011,1,3,March,25,4,Friday,12,False,False,False,False
2011-03-26 08:26:00,20110326,2011,1,3,March,26,5,Saturday,12,True,False,False,False
2011-03-27 08:26:00,20110327,2011,1,3,March,27,6,Sunday,12,True,False,False,False
2011-03-28 08:26:00,20110328,2011,1,3,March,28,0,Monday,13,False,False,False,False
2011-03-29 08:26:00,20110329,2011,1,3,March,29,1,Tuesday,13,False,False,False,False
2011-03-30 08:26:00,20110330,2011,1,3,March,30,2,Wednesday,13,False,False,False,False
2011-03-31 08:26:00,20110331,2011,1,3,March,31,3,Thursday,13,False,True,True,False
2011-04-01 08:26:00,20110401,2011,2,4,April,1,4,Friday,13,False,False,False,False
2011-04-02 08:26:00,20110402,2011,2,4,April,2,5,Saturday,13,True,False,False,False
2011-04-03 08:26:00,20110403,2011,2,4,April,3,6,Sunday,13,True,False,False,False
2011-04-04 08:26:00,20110404,2011,2,4,April,4,0,Monday,14,False,False,False,False
2011-04-05 08:26:00,20110405,2011,2,4,April,5,1,Tuesday,14,False,False,False,False
2011-04-06 08:26:00,20110406,2011,2,4,April,6,2,Wednesday,14,False,False,False,False
2011-04-07 08:26:00,20110407,2011,2,4,April,7,3,Thursday,14,False,False,False,False
2011-04-08 08:26:00,20110408,2011,2,4,April,8,4,Friday,14,False,False,False,False
2011-04-09 08:26:00,20110409,2011,2,4,April,9,5,Saturday,14,True,False,False,False
2011-04-10 08:26:00,20110410,2011,2,4,April,10,6,Sunday,14,True,False,False,False
2011-04-11 08:26:00,20110411,2011,2,4,April,11,0,Monday,15,False,False,False,False
2011-04-12 08:26:00,20110412,2011,2,4,April,12,1,Tuesday,15,False,False,False,False
2011-04-13 08:26:00,20110413,2011,2,4,April,13,2,Wednesday,15,False,False,False,False
2011-04-14 08:26:00,20110414,2011,2,4,April,14,3,Thursday,15,False,False,False,False
2011-04-15 08:26:00,20110415,2011,2,4,April,15,4,Friday,15,False,False,False,False
2011-04-16 08:26:00,20110416,2011,2,4,April,16,5,Saturday,15,True,False,False,False
2011-04-17 08:26:00,20110417,2011,2,4,April,17,6,Sunday,15,True,False,False,False
2011-04-18 08:26:00,20110418,2011,2,4,April,18,0,Monday,16,False,False,False,False
2011-04-19 08:26:00,20110419,2011,2,4,April,19,1,Tuesday,16,False,False,False,False
2011-04-20 08:26:00,20110420,2011,2,4,April,20,2,Wednesday,16,False,False,False,False
2011-04-21 08:26:00,20110421,2011,2,4,April,21,3,Thursday,16,False,False,False,False
2011-04-22 08:26:00,20110422,2011,2,4,April,22,4,Friday,16,False,False,False,False
2011-04-23 08:26:00,20110423,2011,2,4,April,23,5,Saturday,16,True,False,False,False
2011-04-24 08:26:00,20110424,2011,2,4,April,24,6,Sunday,16,True,False,False,False
2011-04-25 08:26:00,20110425,2011,2,4,April,25,0,Monday,17,False,False,False,False
2011-04-26 08:26:00,20110426,2011,2,4,April,26,1,Tuesday,17,False,False,False,False
2011-04-27 08:26:00,20110427,2011,2,4,April,27,2,Wednesday,17,False,False,False,False
2011-04-28 08:26:00,20110428,2011,2,4,April,28,3,Thursday,17,False,False,False,False
2011-04-29 08:26:00,20110429,2011,2,4,April,29,4,Friday,17,False,False,False,False
2011-04-30 08:26:00,20110430,2011,2,4,April,30,5,Saturday,17,True,True,False,False
2011-05-01 08:26:00,20110501,2011,2,5,May,1,6,Sunday,17,True,False,False,False
2011-05-02 08:26:00,20110502,2011,2,5,May,2,0,Monday,18,False,False,False,False
2011-05-03 08:26:00,20110503,2011,2,5,May,3,1,Tuesday,18,False,False,False,False
2011-05-04 08:26:00,20110504,2011,2,5,May,4,2,Wednesday,18,False,False,False,False
2011-05-05 08:26:00,20110505,2011,2,5,May,5,3,Thursday,18,False,False,False,False
2011-05-06 08:26:00,20110506,2011,2,5,May,6,4,Friday,18,False,False,False,False
2011-05-07 08:26:00,20110507,2011,2,5,May,7,5,Saturday,18,True,False,False,False
2011-05-08 08:26:00,20110508,2011,2,5,May,8,6,Sunday,18,True,False,False,False
2011-05-09 08:26:00,20110509,2011,2,5,May,9,0,Monday,19,False,False,False,False
2011-05-10 08:26:00,20110510,2011,2,5,May,10,1,Tuesday,19,False,False,False,False
2011-05-11 08:26:00,20110511,2011,2,5,May,11,2,Wednesday,19,False,False,False,False
2011-05-12 08:26:00,20110512,2011,2,5,May,12,3,Thursday,19,False,False,False,False
2011-05-13 08:26:00,20110513,2011,2,5,May,13,4,Friday,19,False,False,False,False
2011-05-14 08:26:00,20110514,2011,2,5,May,14,5,Saturday,19,True,False,False,False
2011-05-15 08:26:00,20110515,2011,2,5,May,15,6,Sunday,19,True,False,False,False
2011-05-16 08:26:00,20110516,2011,2,5,May,16,0,Monday,20,False,False,False,False
2011-05-17 08:26:00,20110517,2011,2,5,May,17,1,Tuesday,20,False,False,False,False
2011-05-18 08:26:00,20110518,2011,2,5,May,18,2,Wednesday,20,False,False,False,False
2011-05-19 08:26:00,20110519,2011,2,5,May,19,3,Thursday,20,False,False,False,False
2011-05-20 08:26:00,20110520,2011,2,5,May,20,4,Friday,20,False,False,False,False
2011-05-21 08:26:00,20110521,2011,2,5,May,21,5,Saturday,20,True,False,False,False
2011-05-22 08:26:00,20110522,2011,2,5,May,22,6,Sunday,20,True,False,False,False
2011-05-23 08:26:00,20110523,2011,2,5,May,23,0,Monday,21,False,False,False,False
2011-05-24 08:26:00,20110524,2011,2,5,May,24,1,Tuesday,21,False,False,False,False
2011-05-25 08:26:00,20110525,2011,2,5,May,25,2,Wednesday,21,False,False,False,False
2011-05-26 08:26:00,20110526,2011,2,5,May,26,3,Thursday,21,False,False,False,False
2011-05-27 08:26:00,20110527,2011,2,5,May,27,4,Friday,21,False,False,False,False
2011-05-28 08:26:00,20110528,2011,2,5,May,28,5,Saturday,21,True,False,False,False
2011-05-29 08:26:00,20110529,2011,2,5,May,29,6,Sunday,21,True,False,False,False
2011-05-30 08:26:00,20110530,2011,2,5,May,30,0,Monday,22,False,False,False,False
2011-05-31 08:26:00,20110531,2011,2,5,May,31,1,Tuesday,22,False,True,False,False
2011-06-01 08:26:00,20110601,2011,2,6,June,1,2,Wednesday,22,False,False,False,False
2011-06-02 08:26:00,20110602,2011,2,6,June,2,3,Thursday,22,False,False,False,False
2011-06-03 08:26:00,20110603,2011,2,6,June,3,4,Friday,22,False,False,False,False
2011-06-04 08:26:00,20110604,2011,2,6,June,4,5,Saturday,22,True,False,False,False
2011-06-05 08:26:00,20110605,2011,2,6,June,5,6,Sunday,22,True,False,False,False
2011-06-06 08:26:00,20110606,2011,2,6,June,6,0,Monday,23,False,False,False,False
2011-06-07 08:26:00,20110607,2011,2,6,June,7,1,Tuesday,23,False,False,False,False
2011-06-08 08:26:00,20110608,2011,2,6,June,8,2,Wednesday,23,False,False,False,False
2011-06-09 08:26:00,20110609,2011,2,6,June,9,3,Thursday,23,False,False,False,False
2011-06-10 08:26:00,20110610,2011,2,6,June,10,4,Friday,23,False,False,False,False
2011-06-11 08:26:00,20110611,2011,2,6,June,11,5,Saturday,23,True,False,False,False
2011-06-12 08:26:00,20110612,2011,2,6,June,12,6,Sunday,23,True,False,False,False
2011-06-13 08:26:00,20110613,2011,2,6,June,13,0,Monday,24,False,False,False,False
2011-06-14 08:26:00,20110614,2011,2,6,June,14,1,Tuesday,24,False,False,False,False
2011-06-15 08:26:00,20110615,2011,2,6,June,15,2,Wednesday,24,False,False,False,False
2011-06-16 08:26:00,20110616,2011,2,6,June,16,3,Thursday,24,False,False,False,False
2011-06-17 08:26:00,20110617,2011,2,6,June,17,4,Friday,24,False,False,False,False
2011-06-18 08:26:00,20110618,2011,2,6,June,18,5,Saturday,24,True,False,False,False
2011-06-19 08:26:00,20110619,2011,2,6,June,19,6,Sunday,24,True,False,False,False
2011-06-20 08:26:00,20110620,2011,2,6,June,20,0,Monday,25,False,False,False,False
2011-06-21 08:26:00,20110621,2011,2,6,June,21,1,Tuesday,25,False,False,False,False
2011-06-22 08:26:00,20110622,2011,2,6,June,22,2,Wednesday,25,False,False,False,False
2011-06-23 08:26:00,20110623,2011,2,6,June,23,3,Thursday,25,False,False,False,False
2011-06-24 08:26:00,20110624,2011,2,6,June,24,4,Friday,25,False,False,False,False
2011-06-25 08:26:00,20110625,2011,2,6,June,25,5,Saturday,25,True,False,False,False
2011-06-26 08:26:00,20110626,2011,2,6,June,26,6,Sunday,25,True,False,False,False
2011-06-27 08:26:00,20110627,2011,2,6,June,27,0,Monday,26,False,False,False,False
2011-06-28 08:26:00,20110628,2011,2,6,June,28,1,Tuesday,26,False,False,False,False
2011-06-29 08:26:00,20110629,2011,2,6,June,29,2,Wednesday,26,False,False,False,False
2011-06-30 08:26:00,20110630,2011,2,6,June,30,3,Thursday,26,False,True,True,False
2011-07-01 08:26:00,20110701,2011,3,7,July,1,4,Friday,26,False,False,False,False
2011-07-02 08:26:00,20110702,2011,3,7,July,2,5,Saturday,26,True,False,False,False
2011-07-03 08:26:00,20110703,2011,3,7,July,3,6,Sunday,26,True,False,False,False
2011-07-04 08:26:00,20110704,2011,3,7,July,4,0,Monday,27,False,False,False,False
2011-07-05 08:26:00,20110705,2011,3,7,July,5,1,Tuesday,27,False,False,False,False
2011-07-06 08:26:00,20110706,2011,3,7,July,6,2,Wednesday,27,False,False,False,False
2011-07-07 08:26:00,20110707,2011,3,7,July,7,3,Thursday,27,False,False,False,False
2011-07-08 08:26:00,20110708,2011,3,7,July,8,4,Friday,27,False,False,False,False
2011-07-09 08:26:00,20110709,2011,3,7,July,9,5,Saturday,27,True,False,False,False
2011-07-10 08:26:00,20110710,2011,3,7,July,10,6,Sunday,27,True,False,False,False
2011-07-11 08:26:00,20110711,2011,3,7,July,11,0,Monday,28,False,False,False,False
2011-07-12 08:26:00,20110712,2011,3,7,July,12,1,Tuesday,28,False,False,False,False
2011-07-13 08:26:00,20110713,2011,3,7,July,13,2,Wednesday,28,False,False,False,False
2011-07-14 08:26:00,20110714,2011,3,7,July,14,3,Thursday,28,False,False,False,False
2011-07-15 08:26:00,20110715,2011,3,7,July,15,4,Friday,28,False,False,False,False
2011-07-16 08:26:00,20110716,2011,3,7,July,16,5,Saturday,28,True,False,False,False
2011-07-17 08:26:00,20110717,2011,3,7,July,17,6,Sunday,28,True,False,False,False
2011-07-18 08:26:00,20110718,2011,3,7,July,18,0,Monday,29,False,False,False,False
2011-07-19 08:26:00,20110719,2011,3,7,July,19,1,Tuesday,29,False,False,False,False
2011-07-20 08:26:00,20110720,2011,3,7,July,20,2,Wednesday,29,False,False,False,False
2011-07-21 08:26:00,20110721,2011,3,7,July,21,3,Thursday,29,False,False,False,False
2011-07-22 08:26:00,20110722,2011,3,7,July,22,4,Friday,29,False,False,False,False
2011-07-23 08:26:00,20110723,2011,3,7,July,23,5,Saturday,29,True,False,False,False
2011-07-24 08:26:00,20110724,2011,3,7,July,24,6,Sunday,29,True,False,False,False
2011-07-25 08:26:00,20110725,2011,3,7,July,25,0,Monday,30,False,False,False,False
2011-07-26 08:26:00,20110726,2011,3,7,July,26,1,Tuesday,30,False,False,False,False
2011-07-27 08:26:00,20110727,2011,3,7,July,27,2,Wednesday,30,False,False,False,False
2011-07-28 08:26:00,20110728,2011,3,7,July,28,3,Thursday,30,False,False,False,False
2011-07-29 08:26:00,20110729,2011,3,7,July,29,4,Friday,30,False,False,False,False
2011-07-30 08:26:00,20110730,2011,3,7,July,30,5,Saturday,30,True,False,False,False
2011-07-31 08:26:00,20110731,2011,3,7,July,31,6,Sunday,30,True,True,False,False
2011-08-01 08:26:00,20110801,2011,3,8,August,1,0,Monday,31,False,False,False,False
2011-08-02 08:26:00,20110802,2011,3,8,August,2,1,Tuesday,31,False,False,False,False
2011-08-03 08:26:00,20110803,2011,3,8,August,3,2,Wednesday,31,False,False,False,False
2011-08-04 08:26:00,20110804,2011,3,8,August,4,3,Thursday,31,False,False,False,False
2011-08-05 08:26:00,20110805,2011,3,8,August,5,4,Friday,31,False,False,False,False
2011-08-06 08:26:00,20110806,2011,3,8,August,6,5,Saturday,31,True,False,False,False
2011-08-07 08:26:00,20110807,2011,3,8,August,7,6,Sunday,31,True,False,False,False
2011-08-08 08:26:00,20110808,2011,3,8,August,8,0,Monday,32,False,False,False,False
2011-08-09 08:26:00,20110809,2011,3,8,August,9,1,Tuesday,32,False,False,False,False
2011-08-10 08:26:00,20110810,2011,3,8,August,10,2,Wednesday,32,False,False,False,False
2011-08-11 08:26:00,20110811,2011,3,8,August,11,3,Thursday,32,False,False,False,False
2011-08-12 08:26:00,20110812,2011,3,8,August,12,4,Friday,32,False,False,False,False
2011-08-13 08:26:00,20110813,2011,3,8,August,13,5,Saturday,32,True,False,False,False
2011-08-14 08:26:00,20110814,2011,3,8,August,14,6,Sunday,32,True,False,False,False
2011-08-15 08:26:00,20110815,2011,3,8,August,15,0,Monday,33,False,False,False,False
2011-08-16 08:26:00,20110816,2011,3,8,August,16,1,Tuesday,33,False,False,False,False
2011-08-17 08:26:00,20110817,2011,3,8,August,17,2,Wednesday,33,False,False,False,False
2011-08-18 08:26:00,20110818,2011,3,8,August,18,3,Thursday,33,False,False,False,False
2011-08-19 08:26:00,20110819,2011,3,8,August,19,4,Friday,33,False,False,False,False
2011-08-20 08:26:00,20110820,2011,3,8,August,20,5,Saturday,33,True,False,False,False
2011-08-21 08:26:00,20110821,2011,3,8,August,21,6,Sunday,33,True,False,False,False
2011-08-22 08:26:00,20110822,2011,3,8,August,22,0,Monday,34,False,False,False,False
2011-08-23 08:26:00,20110823,2011,3,8,August,23,1,Tuesday,34,False,False,False,False
2011-08-24 08:26:00,20110824,2011,3,8,August,24,2,Wednesday,34,False,False,False,False
2011-08-25 08:26:00,20110825,2011,3,8,August,25,3,Thursday,34,False,False,False,False
2011-08-26 08:26:00,20110826,2011,3,8,August,26,4,Friday,34,False,False,False,False
2011-08-27 08:26:00,20110827,2011,3,8,August,27,5,Saturday,34,True,False,False,False
2011-08-28 08:26:00,20110828,2011,3,8,August,28,6,Sunday,34,True,False,False,False
2011-08-29 08:26:00,20110829,2011,3,8,August,29,0,Monday,35,False,False,False,False
2011-08-30 08:26:00,20110830,2011,3,8,August,30,1,Tuesday,35,False,False,False,False
2011-08-31 08:26:00,20110831,2011,3,8,August,31,2,Wednesday,35,False,True,False,False
2011-09-01 08:26:00,20110901,2011,3,9,September,1,3,Thursday,35,False,False,False,False
2011-09-02 08:26:00,20110902,2011,3,9,September,2,4,Friday,35,False,False,False,False
2011-09-03 08:26:00,20110903,2011,3,9,September,3,5,Saturday,35,True,False,False,False
2011-09-04 08:26:00,20110904,2011,3,9,September,4,6,Sunday,35,True,False,False,False
2011-09-05 08:26:00,20110905,2011,3,9,September,5,0,Monday,36,False,False,False,False
2011-09-06 08:26:00,20110906,2011,3,9,September,6,1,Tuesday,36,False,False,False,False
2011-09-07 08:26:00,20110907,2011,3,9,September,7,2,Wednesday,36,False,False,False,False
2011-09-08 08:26:00,20110908,2011,3,9,September,8,3,Thursday,36,False,False,False,False
2011-09-09 08:26:00,20110909,2011,3,9,September,9,4,Friday,36,False,False,False,False
2011-09-10 08:26:00,20110910,2011,3,9,September,10,5,Saturday,36,True,False,False,False
2011-09-11 08:26:00,20110911,2011,3,9,September,11,6,Sunday,36,True,False,False,False
2011-09-12 08:26:00,20110912,2011,3,9,September,12,0,Monday,37,False,False,False,False
2011-09-13 08:26:00,20110913,2011,3,9,September,13,1,Tuesday,37,False,False,False,False
2011-09-14 08:26:00,20110914,2011,3,9,September,14,2,Wednesday,37,False,False,False,False
2011-09-15 08:26:00,20110915,2011,3,9,September,15,3,Thursday,37,False,False,False,False
2011-09-16 08:26:00,20110916,2011,3,9,September,16,4,Friday,37,False,False,False,False
2011-09-17 08:26:00,20110917,2011,3,9,September,17,5,Saturday,37,True,False,False,False
2011-09-18 08:26:00,20110918,2011,3,9,September,18,6,Sunday,37,True,False,False,False
2011-09-19 08:26:00,20110919,2011,3,9,September,19,0,Monday,38,False,False,False,False
2011-09-20 08:26:00,20110920,2011,3,9,September,20,1,Tuesday,38,False,False,False,False
2011-09-21 08:26:00,20110921,2011,3,9,September,21,2,Wednesday,38,False,False,False,False
2011-09-22 08:26:00,20110922,2011,3,9,September,22,3,Thursday,38,False,False,False,False
2011-09-23 08:26:00,20110923,2011,3,9,September,23,4,Friday,38,False,False,False,False
2011-09-24 08:26:00,20110924,2011,3,9,September,24,5,Saturday,38,True,False,False,False
2011-09-25 08:26:00,20110925,2011,3,9,September,25,6,Sunday,38,True,False,False,False
2011-09-26 08:26:00,20110926,2011,3,9,September,26,0,Monday,39,False,False,False,False
2011-09-27 08:26:00,20110927,2011,3,9,September,27,1,Tuesday,39,False,False,False,False
2011-09-28 08:26:00,20110928,2011,3,9,September,28,2,Wednesday,39,False,False,False,False
2011-09-29 08:26:00,20110929,2011,3,9,September,29,3,Thursday,39,False,False,False,False
2011-09-30 08:26:00,20110930,2011,3,9,September,30,4,Friday,39,False,True,True,False
2011-10-01 08:26:00,20111001,2011,4,10,October,1,5,Saturday,39,True,False,False,False
2011-10-02 08:26:00,20111002,2011,4,10,October,2,6,Sunday,39,True,False,False,False
2011-10-03 08:26:00,20111003,2011,4,10,October,3,0,Monday,40,False,False,False,False
2011-10-04 08:26:00,20111004,2011,4,10,October,4,1,Tuesday,40,False,False,False,False
2011-10-05 08:26:00,20111005,2011,4,10,October,5,2,Wednesday,40,False,False,False,False
2011-10-06 08:26:00,20111006,2011,4,10,October,6,3,Thursday,40,False,False,False,False
2011-10-07 08:26:00,20111007,2011,4,10,October,7,4,Friday,40,False,False,False,False
2011-10-08 08:26:00,20111008,2011,4,10,October,8,5,Saturday,40,True,False,False,False
2011-10-09 08:26:00,20111009,2011,4,10,October,9,6,Sunday,40,True,False,False,False
2011-10-10 08:26:00,20111010,2011,4,10,October,10,0,Monday,41,False,False,False,False
2011-10-11 08:26:00,20111011,2011,4,10,October,11,1,Tuesday,41,False,False,False,False
2011-10-12 08:26:00,20111012,2011,4,10,October,12,2,Wednesday,41,False,False,False,False
2011-10-13 08:26:00,20111013,2011,4,10,October,13,3,Thursday,41,False,False,False,False
2011-10-14 08:26:00,20111014,2011,4,10,October,14,4,Friday,41,False,False,False,False
2011-10-15 08:26:00,20111015,2011,4,10,October,15,5,Saturday,41,True,False,False,False
2011-10-16 08:26:00,20111016,2011,4,10,October,16,6,Sunday,41,True,False,False,False
2011-10-17 08:26:00,20111017,2011,4,10,October,17,0,Monday,42,False,False,False,False
2011-10-18 08:26:00,20111018,2011,4,10,October,18,1,Tuesday,42,False,False,False,False
2011-10-19 08:26:00,20111019,2011,4,10,October,19,2,Wednesday,42,False,False,False,False
2011-10-20 08:26:00,20111020,2011,4,10,October,20,3,Thursday,42,False,False,False,False
2011-10-21 08:26:00,20111021,2011,4,10,October,21,4,Friday,42,False,False,False,False
2011-10-22 08:26:00,20111022,2011,4,10,October,22,5,Saturday,42,True,False,False,False
2011-10-23 08:26:00,20111023,2011,4,10,October,23,6,Sunday,42,True,False,False,False
2011-10-24 08:26:00,20111024,2011,4,10,October,24,0,Monday,43,False,False,False,False
2011-10-25 08:26:00,20111025,2011,4,10,October,25,1,Tuesday,43,False,False,False,False
2011-10-26 08:26:00,20111026,2011,4,10,October,26,2,Wednesday,43,False,False,False,False
2011-10-27 08:26:00,20111027,2011,4,10,October,27,3,Thursday,43,False,False,False,False
2011-10-28 08:26:00,20111028,2011,4,10,October,28,4,Friday,43,False,False,False,False
2011-10-29 08:26:00,20111029,2011,4,10,October,29,5,Saturday,43,True,False,False,False
2011-10-30 08:26:00,20111030,2011,4,10,October,30,6,Sunday,43,True,False,False,False
2011-10-31 08:26:00,20111031,2011,4,10,October,31,0,Monday,44,False,True,False,False
2011-11-01 08:26:00,20111101,2011,4,11,November,1,1,Tuesday,44,False,False,False,False
2011-11-02 08:26:00,20111102,2011,4,11,November,2,2,Wednesday,44,False,False,False,False
2011-11-03 08:26:00,20111103,2011,4,11,November,3,3,Thursday,44,False,False,False,False
2011-11-04 08:26:00,20111104,2011,4,11,November,4,4,Friday,44,False,False,False,False
2011-11-05 08:26:00,20111105,2011,4,11,November,5,5,Saturday,44,True,False,False,False
2011-11-06 08:26:00,20111106,2011,4,11,November,6,6,Sunday,44,True,False,False,False
2011-11-07 08:26:00,20111107,2011,4,11,November,7,0,Monday,45,False,False,False,False
2011-11-08 08:26:00,20111108,2011,4,11,November,8,1,Tuesday,45,False,False,False,False
2011-11-09 08:26:00,20111109,2011,4,11,November,9,2,Wednesday,45,False,False,False,False
2011-11-10 08:26:00,20111110,2011,4,11,November,10,3,Thursday,45,False,False,False,False
2011-11-11 08:26:00,20111111,2011,4,11,November,11,4,Friday,45,False,False,False,False
2011-11-12 08:26:00,20111112,2011,4,11,November,12,5,Saturday,45,True,False,False,False
2011-11-13 08:26:00,20111113,2011,4,11,November,13,6,Sunday,45,True,False,False,False
2011-11-14 08:26:00,20111114,2011,4,11,November,14,0,Monday,46,False,False,False,False
2011-11-15 08:26:00,20111115,2011,4,11,November,15,1,Tuesday,46,False,False,False,False
2011-11-16 08:26:00,20111116,2011,4,11,November,16,2,Wednesday,46,False,False,False,False
2011-11-17 08:26:00,20111117,2011,4,11,November,17,3,Thursday,46,False,False,False,False
2011-11-18 08:26:00,20111118,2011,4,11,November,18,4,Friday,46,False,False,False,False
2011-11-19 08:26:00,20111119,2011,4,11,November,19,5,Saturday,46,True,False,False,False
2011-11-20 08:26:00,20111120,2011,4,11,November,20,6,Sunday,46,True,False,False,False
2011-11-21 08:26:00,20111121,2011,4,11,November,21,0,Monday,47,False,False,False,False
2011-11-22 08:26:00,20111122,2011,4,11,November,22,1,Tuesday,47,False,False,False,False
2011-11-23 08:26:00,20111123,2011,4,11,November,23,2,Wednesday,47,False,False,False,False
2011-11-24 08:26:00,20111124,2011,4,11,November,24,3,Thursday,47,False,False,False,False
2011-11-25 08:26:00,20111125,2011,4,11,November,25,4,Friday,47,False,False,False,False
2011-11-26 08:26:00,20111126,2011,4,11,November,26,5,Saturday,47,True,False,False,False
2011-11-27 08:26:00,20111127,2011,4,11,November,27,6,Sunday,47,True,False,False,False
2011-11-28 08:26:00,20111128,2011,4,11,November,28,0,Monday,48,False,False,False,False
2011-11-29 08:26:00,20111129,2011,4,11,November,29,1,Tuesday,48,False,False,False,False
2011-11-30 08:26:00,20111130,2011,4,11,November,30,2,Wednesday,48,False,True,False,False
2011-12-01 08:26:00,20111201,2011,4,12,December,1,3,Thursday,48,False,False,False,False
2011-12-02 08:26:00,20111202,2011,4,12,December,2,4,Friday,48,False,False,False,False
2011-12-03 08:26:00,20111203,2011,4,12,December,3,5,Saturday,48,True,False,False,False
2011-12-04 08:26:00,20111204,2011,4,12,December,4,6,Sunday,48,True,False,False,False
2011-12-05 08:26:00,20111205,2011,4,12,December,5,0,Monday,49,False,False,False,False
2011-12-06 08:26:00,20111206,2011,4,12,December,6,1,Tuesday,49,False,False,False,False
2011-12-07 08:26:00,20111207,2011,4,12,December,7,2,Wednesday,49,False,False,False,False
2011-12-08 08:26:00,20111208,2011,4,12,December,8,3,Thursday,49,False,False,False,False
2011-12-09 08:26:00,20111209,2011,4,12,December,9,4,Friday,49,False,False,False,False
2011-12-10 08:26:00,20111210,2011,4,12,December,10,5,Saturday,49,True,False,False,False
2011-12-11 08:26:00,20111211,2011,4,12,December,11,6,Sunday,49,True,False,False,False
2011-12-12 08:26:00,20111212,2011,4,12,December,12,0,Monday,50,False,False,False,False
2011-12-13 08:26:00,20111213,2011,4,12,December,13,1,Tuesday,50,False,False,False,False
2011-12-14 08:26:00,20111214,2011,4,12,December,14,2,Wednesday,50,False,False,False,False
2011-12-15 08:26:00,20111215,2011,4,12,December,15,3,Thursday,50,False,False,False,False
2011-12-16 08:26:00,20111216,2011,4,12,December,16,4,Friday,50,False,False,False,False
2011-12-17 08:26:00,20111217,2011,4,12,December,17,5,Saturday,50,True,False,False,False
2011-12-18 08:26:00,20111218,2011,4,12,December,18,6,Sunday,50,True,False,False,False
2011-12-19 08:26:00,20111219,2011,4,12,December,19,0,Monday,51,False,False,False,False
2011-12-20 08:26:00,20111220,2011,4,12,December,20,1,Tuesday,51,False,False,False,False
2011-12-21 08:26:00,20111221,2011,4,12,December,21,2,Wednesday,51,False,False,False,False
2011-12-22 08:26:00,20111222,2011,4,12,December,22,3,Thursday,51,False,False,False,False
2011-12-23 08:26:00,20111223,2011,4,12,December,23,4,Friday,51,False,False,False,False
2011-12-24 08:26:00,20111224,2011,4,12,December,24,5,Saturday,51,True,False,False,False
2011-12-25 08:26:00,20111225,2011,4,12,December,25,6,Sunday,51,True,False,False,False
2011-12-26 08:26:00,20111226,2011,4,12,December,26,0,Monday,52,False,False,False,False
2011-12-27 08:26:00,20111227,2011,4,12,December,27,1,Tuesday,52,False,False,False,False
2011-12-28 08:26:00,20111228,2011,4,12,December,28,2,Wednesday,52,False,False,False,False
2011-12-29 08:26:00,20111229,2011,4,12,December,29,3,Thursday,52,False,False,False,False
2011-12-30 08:26:00,20111230,2011,4,12,December,30,4,Friday,52,False,False,False,False
2011-12-31 08:26:00,20111231,2011,4,12,December,31,5,Saturday,52,True,True,True,True
2012-01-01 08:26:00,20120101,2012,1,1,January,1,6,Sunday,52,True,False,False,False
2012-01-02 08:26:00,20120102,2012,1,1,January,2,0,Monday,1,False,False,False,False
2012-01-03 08:26:00,20120103,2012,1,1,January,3,1,Tuesday,1,False,False,False,False
2012-01-04 08:26:00,20120104,2012,1,1,January,4,2,Wednesday,1,False,False,False,False
2012-01-05 08:26:00,20120105,2012,1,1,January,5,3,Thursday,1,False,False,False,False
2012-01-06 08:26:00,20120106,2012,1,1,January,6,4,Friday,1,False,False,False,False
2012-01-07 08:26:00,20120107,2012,1,1,January,7,5,Saturday,1,True,False,False,False
2012-01-08 08:26:00,20120108,2012,1,1,January,8,6,Sunday,1,True,False,False,False
2012-01-09 08:26:00,20120109,2012,1,1,January,9,0,Monday,2,False,False,False,False
2012-01-10 08:26:00,20120110,2012,1,1,January,10,1,Tuesday,2,False,False,False,False
2012-01-11 08:26:00,20120111,2012,1,1,January,11,2,Wednesday,2,False,False,False,False
2012-01-12 08:26:00,20120112,2012,1,1,January,12,3,Thursday,2,False,False,False,False
2012-01-13 08:26:00,20120113,2012,1,1,January,13,4,Friday,2,False,False,False,False
2012-01-14 08:26:00,20120114,2012,1,1,January,14,5,Saturday,2,True,False,False,False
2012-01-15 08:26:00,20120115,2012,1,1,January,15,6,Sunday,2,True,False,False,False
2012-01-16 08:26:00,20120116,2012,1,1,January,16,0,Monday,3,False,False,False,False
2012-01-17 08:26:00,20120117,2012,1,1,January,17,1,Tuesday,3,False,False,False,False
2012-01-18 08:26:00,20120118,2012,1,1,January,18,2,Wednesday,3,False,False,False,False
2012-01-19 08:26:00,20120119,2012,1,1,January,19,3,Thursday,3,False,False,False,False
2012-01-20 08:26:00,20120120,2012,1,1,January,20,4,Friday,3,False,False,False,False
2012-01-21 08:26:00,20120121,2012,1,1,January,21,5,Saturday,3,True,False,False,False
2012-01-22 08:26:00,20120122,2012,1,1,January,22,6,Sunday,3,True,False,False,False
2012-01-23 08:26:00,20120123,2012,1,1,January,23,0,Monday,4,False,False,False,False
2012-01-24 08:26:00,20120124,2012,1,1,January,24,1,Tuesday,4,False,False,False,False
2012-01-25 08:26:00,20120125,2012,1,1,January,25,2,Wednesday,4,False,False,False,False
2012-01-26 08:26:00,20120126,2012,1,1,January,26,3,Thursday,4,False,False,False,False
2012-01-27 08:26:00,20120127,2012,1,1,January,27,4,Friday,4,False,False,False,False
2012-01-28 08:26:00,20120128,2012,1,1,January,28,5,Saturday,4,True,False,False,False
2012-01-29 08:26:00,20120129,2012,1,1,January,29,6,Sunday,4,True,False,False,False
2012-01-30 08:26:00,20120130,2012,1,1,January,30,0,Monday,5,False,False,False,False
2012-01-31 08:26:00,20120131,2012,1,1,January,31,1,Tuesday,5,False,True,False,False
2012-02-01 08:26:00,20120201,2012,1,2,February,1,2,Wednesday,5,False,False,False,False
2012-02-02 08:26:00,20120202,2012,1,2,February,2,3,Thursday,5,False,False,False,False
2012-02-03 08:26:00,20120203,2012,1,2,February,3,4,Friday,5,False,False,False,False
2012-02-04 08:26:00,20120204,2012,1,2,February,4,5,Saturday,5,True,False,False,False
2012-02-05 08:26:00,20120205,2012,1,2,February,5,6,Sunday,5,True,False,False,False
2012-02-06 08:26:00,20120206,2012,1,2,February,6,0,Monday,6,False,False,False,False
2012-02-07 08:26:00,20120207,2012,1,2,February,7,1,Tuesday,6,False,False,False,False
2012-02-08 08:26:00,20120208,2012,1,2,February,8,2,Wednesday,6,False,False,False,False
2012-02-09 08:26:00,20120209,2012,1,2,February,9,3,Thursday,6,False,False,False,False
2012-02-10 08:26:00,20120210,2012,1,2,February,10,4,Friday,6,False,False,False,False
2012-02-11 08:26:00,20120211,2012,1,2,February,11,5,Saturday,6,True,False,False,False
2012-02-12 08:26:00,20120212,2012,1,2,February,12,6,Sunday,6,True,False,False,False
2012-02-13 08:26:00,20120213,2012,1,2,February,13,0,Monday,7,False,False,False,False
2012-02-14 08:26:00,20120214,2012,1,2,February,14,1,Tuesday,7,False,False,False,False
2012-02-15 08:26:00,20120215,2012,1,2,February,15,2,Wednesday,7,False,False,False,False
2012-02-16 08:26:00,20120216,2012,1,2,February,16,3,Thursday,7,False,False,False,False
2012-02-17 08:26:00,20120217,2012,1,2,February,17,4,Friday,7,False,False,False,False
2012-02-18 08:26:00,20120218,2012,1,2,February,18,5,Saturday,7,True,False,False,False
2012-02-19 08:26:00,20120219,2012,1,2,February,19,6,Sunday,7,True,False,False,False
2012-02-20 08:26:00,20120220,2012,1,2,February,20,0,Monday,8,False,False,False,False
2012-02-21 08:26:00,20120221,2012,1,2,February,21,1,Tuesday,8,False,False,False,False
2012-02-22 08:26:00,20120222,2012,1,2,February,22,2,Wednesday,8,False,False,False,False
2012-02-23 08:26:00,20120223,2012,1,2,February,23,3,Thursday,8,False,False,False,False
2012-02-24 08:26:00,20120224,2012,1,2,February,24,4,Friday,8,False,False,False,False
2012-02-25 08:26:00,20120225,2012,1,2,February,25,5,Saturday,8,True,False,False,False
2012-02-26 08:26:00,20120226,2012,1,2,February,26,6,Sunday,8,True,False,False,False
2012-02-27 08:26:00,20120227,2012,1,2,February,27,0,Monday,9,False,False,False,False
2012-02-28 08:26:00,20120228,2012,1,2,February,28,1,Tuesday,9,False,False,False,False
2012-02-29 08:26:00,20120229,2012,1,2,February,29,2,Wednesday,9,False,True,False,False
2012-03-01 08:26:00,20120301,2012,1,3,March,1,3,Thursday,9,False,False,False,False
2012-03-02 08:26:00,20120302,2012,1,3,March,2,4,Friday,9,False,False,False,False
2012-03-03 08:26:00,20120303,2012,1,3,March,3,5,Saturday,9,True,False,False,False
2012-03-04 08:26:00,20120304,2012,1,3,March,4,6,Sunday,9,True,False,False,False
2012-03-05 08:26:00,20120305,2012,1,3,March,5,0,Monday,10,False,False,False,False
2012-03-06 08:26:00,20120306,2012,1,3,March,6,1,Tuesday,10,False,False,False,False
2012-03-07 08:26:00,20120307,2012,1,3,March,7,2,Wednesday,10,False,False,False,False
2012-03-08 08:26:00,20120308,2012,1,3,March,8,3,Thursday,10,False,False,False,False
2012-03-09 08:26:00,20120309,2012,1,3,March,9,4,Friday,10,False,False,False,False
2012-03-10 08:26:00,20120310,2012,1,3,March,10,5,Saturday,10,True,False,False,False
2012-03-11 08:26:00,20120311,2012,1,3,March,11,6,Sunday,10,True,False,False,False
2012-03-12 08:26:00,20120312,2012,1,3,March,12,0,Monday,11,False,False,False,False
2012-03-13 08:26:00,20120313,2012,1,3,March,13,1,Tuesday,11,False,False,False,False
2012-03-14 08:26:00,20120314,2012,1,3,March,14,2,Wednesday,11,False,False,False,False
2012-03-15 08:26:00,20120315,2012,1,3,March,15,3,Thursday,11,False,False,False,False
2012-03-16 08:26:00,20120316,2012,1,3,March,16,4,Friday,11,False,False,False,False
2012-03-17 08:26:00,20120317,2012,1,3,March,17,5,Saturday,11,True,False,False,False
2012-03-18 08:26:00,20120318,2012,1,3,March,18,6,Sunday,11,True,False,False,False
2012-03-19 08:26:00,20120319,2012,1,3,March,19,0,Monday,12,False,False,False,False
2012-03-20 08:26:00,20120320,2012,1,3,March,20,1,Tuesday,12,False,False,False,False
2012-03-21 08:26:00,20120321,2012,1,3,March,21,2,Wednesday,12,False,False,False,False
2012-03-22 08:26:00,20120322,2012,1,3,March,22,3,Thursday,12,False,False,False,False
2012-03-23 08:26:00,20120323,2012,1,3,March,23,4,Friday,12,False,False,False,False
2012-03-24 08:26:00,20120324,2012,1,3,March,24,5,Saturday,12,True,False,False,False
2012-03-25 08:26:00,20120325,2012,1,3,March,25,6,Sunday,12,True,False,False,False
2012-03-26 08:26:00,20120326,2012,1,3,March,26,0,Monday,13,False,False,False,False
2012-03-27 08:26:00,20120327,2012,1,3,March,27,1,Tuesday,13,False,False,False,False
2012-03-28 08:26:00,20120328,2012,1,3,March,28,2,Wednesday,13,False,False,False,False
2012-03-29 08:26:00,20120329,2012,1,3,March,29,3,Thursday,13,False,False,False,False
2012-03-30 08:26:00,20120330,2012,1,3,March,30,4,Friday,13,False,False,False,False
2012-03-31 08:26:00,20120331,2012,1,3,March,31,5,Saturday,13,True,True,True,False
2012-04-01 08:26:00,20120401,2012,2,4,April,1,6,Sunday,13,True,False,False,False
2012-04-02 08:26:00,20120402,2012,2,4,April,2,0,Monday,14,False,False,False,False
2012-04-03 08:26:00,20120403,2012,2,4,April,3,1,Tuesday,14,False,False,False,False
2012-04-04 08:26:00,20120404,2012,2,4,April,4,2,Wednesday,14,False,False,False,False
2012-04-05 08:26:00,20120405,2012,2,4,April,5,3,Thursday,14,False,False,False,False
2012-04-06 08:26:00,20120406,2012,2,4,April,6,4,Friday,14,False,False,False,False
2012-04-07 08:26:00,20120407,2012,2,4,April,7,5,Saturday,14,True,False,False,False
2012-04-08 08:26:00,20120408,2012,2,4,April,8,6,Sunday,14,True,False,False,False
2012-04-09 08:26:00,20120409,2012,2,4,April,9,0,Monday,15,False,False,False,False
2012-04-10 08:26:00,20120410,2012,2,4,April,10,1,Tuesday,15,False,False,False,False
2012-04-11 08:26:00,20120411,2012,2,4,April,11,2,Wednesday,15,False,False,False,False
2012-04-12 08:26:00,20120412,2012,2,4,April,12,3,Thursday,15,False,False,False,False
2012-04-13 08:26:00,20120413,2012,2,4,April,13,4,Friday,15,False,False,False,False
2012-04-14 08:26:00,20120414,2012,2,4,April,14,5,Saturday,15,True,False,False,False
2012-04-15 08:26:00,20120415,2012,2,4,April,15,6,Sunday,15,True,False,False,False
2012-04-16 08:26:00,20120416,2012,2,4,April,16,0,Monday,16,False,False,False,False
2012-04-17 08:26:00,20120417,2012,2,4,April,17,1,Tuesday,16,False,False,False,False
2012-04-18 08:26:00,20120418,2012,2,4,April,18,2,Wednesday,16,False,False,False,False
2012-04-19 08:26:00,20120419,2012,2,4,April,19,3,Thursday,16,False,False,False,False
2012-04-20 08:26:00,20120420,2012,2,4,April,20,4,Friday,16,False,False,False,False
2012-04-21 08:26:00,20120421,2012,2,4,April,21,5,Saturday,16,True,False,False,False
2012-04-22 08:26:00,20120422,2012,2,4,April,22,6,Sunday,16,True,False,False,False
2012-04-23 08:26:00,20120423,2012,2,4,April,23,0,Monday,17,False,False,False,False
2012-04-24 08:26:00,20120424,2012,2,4,April,24,1,Tuesday,17,False,False,False,False
2012-04-25 08:26:00,20120425,2012,2,4,April,25,2,Wednesday,17,False,False,False,False
2012-04-26 08:26:00,20120426,2012,2,4,April,26,3,Thursday,17,False,False,False,False
2012-04-27 08:26:00,20120427,2012,2,4,April,27,4,Friday,17,False,False,False,False
2012-04-28 08:26:00,20120428,2012,2,4,April,28,5,Saturday,17,True,False,False,False
2012-04-29 08:26:00,20120429,2012,2,4,April,29,6,Sunday,17,True,False,False,False
2012-04-30 08:26:00,20120430,2012,2,4,April,30,0,Monday,18,False,True,False,False
2012-05-01 08:26:00,20120501,2012,2,5,May,1,1,Tuesday,18,False,False,False,False
2012-05-02 08:26:00,20120502,2012,2,5,May,2,2,Wednesday,18,False,False,False,False
2012-05-03 08:26:00,20120503,2012,2,5,May,3,3,Thursday,18,False,False,False,False
2012-05-04 08:26:00,20120504,2012,2,5,May,4,4,Friday,18,False,False,False,False
2012-05-05 08:26:00,20120505,2012,2,5,May,5,5,Saturday,18,True,False,False,False
2012-05-06 08:26:00,20120506,2012,2,5,May,6,6,Sunday,18,True,False,False,False
2012-05-07 08:26:00,20120507,2012,2,5,May,7,0,Monday,19,False,False,False,False
2012-05-08 08:26:00,20120508,2012,2,5,May,8,1,Tuesday,19,False,False,False,False
2012-05-09 08:26:00,20120509,2012,2,5,May,9,2,Wednesday,19,False,False,False,False
2012-05-10 08:26:00,20120510,2012,2,5,May,10,3,Thursday,19,False,False,False,False
2012-05-11 08:26:00,20120511,2012,2,5,May,11,4,Friday,19,False,False,False,False
2012-05-12 08:26:00,20120512,2012,2,5,May,12,5,Saturday,19,True,False,False,False
2012-05-13 08:26:00,20120513,2012,2,5,May,13,6,Sunday,19,True,False,False,False
2012-05-14 08:26:00,20120514,2012,2,5,May,14,0,Monday,20,False,False,False,False
2012-05-15 08:26:00,20120515,2012,2,5,May,15,1,Tuesday,20,False,False,False,False
2012-05-16 08:26:00,20120516,2012,2,5,May,16,2,Wednesday,20,False,False,False,False
2012-05-17 08:26:00,20120517,2012,2,5,May,17,3,Thursday,20,False,False,False,False
2012-05-18 08:26:00,20120518,2012,2,5,May,18,4,Friday,20,False,False,False,False
2012-05-19 08:26:00,20120519,2012,2,5,May,19,5,Saturday,20,True,False,False,False
2012-05-20 08:26:00,20120520,2012,2,5,May,20,6,Sunday,20,True,False,False,False
2012-05-21 08:26:00,20120521,2012,2,5,May,21,0,Monday,21,False,False,False,False
2012-05-22 08:26:00,20120522,2012,2,5,May,22,1,Tuesday,21,False,False,False,False
2012-05-23 08:26:00,20120523,2012,2,5,May,23,2,Wednesday,21,False,False,False,False
2012-05-24 08:26:00,20120524,2012,2,5,May,24,3,Thursday,21,False,False,False,False
2012-05-25 08:26:00,20120525,2012,2,5,May,25,4,Friday,21,False,False,False,False
2012-05-26 08:26:00,20120526,2012,2,5,May,26,5,Saturday,21,True,False,False,False
2012-05-27 08:26:00,20120527,2012,2,5,May,27,6,Sunday,21,True,False,False,False
2012-05-28 08:26:00,20120528,2012,2,5,May,28,0,Monday,22,False,False,False,False
2012-05-29 08:26:00,20120529,2012,2,5,May,29,1,Tuesday,22,False,False,False,False
2012-05-30 08:26:00,20120530,2012,2,5,May,30,2,Wednesday,22,False,False,False,False
2012-05-31 08:26:00,20120531,2012,2,5,May,31,3,Thursday,22,False,True,False,False
2012-06-01 08:26:00,20120601,2012,2,6,June,1,4,Friday,22,False,False,False,False
2012-06-02 08:26:00,20120602,2012,2,6,June,2,5,Saturday,22,True,False,False,False
2012-06-03 08:26:00,20120603,2012,2,6,June,3,6,Sunday,22,True,False,False,False
2012-06-04 08:26:00,20120604,2012,2,6,June,4,0,Monday,23,False,False,False,False
2012-06-05 08:26:00,20120605,2012,2,6,June,5,1,Tuesday,23,False,False,False,False
2012-06-06 08:26:00,20120606,2012,2,6,June,6,2,Wednesday,23,False,False,False,False
2012-06-07 08:26:00,20120607,2012,2,6,June,7,3,Thursday,23,False,False,False,False
2012-06-08 08:26:00,20120608,2012,2,6,June,8,4,Friday,23,False,False,False,False
2012-06-09 08:26:00,20120609,2012,2,6,June,9,5,Saturday,23,True,False,False,False
2012-06-10 08:26:00,20120610,2012,2,6,June,10,6,Sunday,23,True,False,False,False
2012-06-11 08:26:00,20120611,2012,2,6,June,11,0,Monday,24,False,False,False,False
2012-06-12 08:26:00,20120612,2012,2,6,June,12,1,Tuesday,24,False,False,False,False
2012-06-13 08:26:00,20120613,2012,2,6,June,13,2,Wednesday,24,False,False,False,False
2012-06-14 08:26:00,20120614,2012,2,6,June,14,3,Thursday,24,False,False,False,False
2012-06-15 08:26:00,20120615,2012,2,6,June,15,4,Friday,24,False,False,False,False
2012-06-16 08:26:00,20120616,2012,2,6,June,16,5,Saturday,24,True,False,False,False
2012-06-17 08:26:00,20120617,2012,2,6,June,17,6,Sunday,24,True,False,False,False
2012-06-18 08:26:00,20120618,2012,2,6,June,18,0,Monday,25,False,False,False,False
2012-06-19 08:26:00,20120619,2012,2,6,June,19,1,Tuesday,25,False,False,False,False
2012-06-20 08:26:00,20120620,2012,2,6,June,20,2,Wednesday,25,False,False,False,False
2012-06-21 08:26:00,20120621,2012,2,6,June,21,3,Thursday,25,False,False,False,False
2012-06-22 08:26:00,20120622,2012,2,6,June,22,4,Friday,25,False,False,False,False
2012-06-23 08:26:00,20120623,2012,2,6,June,23,5,Saturday,25,True,False,False,False
2012-06-24 08:26:00,20120624,2012,2,6,June,24,6,Sunday,25,True,False,False,False
2012-06-25 08:26:00,20120625,2012,2,6,June,25,0,Monday,26,False,False,False,False
2012-06-26 08:26:00,20120626,2012,2,6,June,26,1,Tuesday,26,False,False,False,False
2012-06-27 08:26:00,20120627,2012,2,6,June,27,2,Wednesday,26,False,False,False,False
2012-06-28 08:26:00,20120628,2012,2,6,June,28,3,Thursday,26,False,False,False,False
2012-06-29 08:26:00,20120629,2012,2,6,June,29,4,Friday,26,False,False,False,False
2012-06-30 08:26:00,20120630,2012,2,6,June,30,5,Saturday,26,True,True,True,False
2012-07-01 08:26:00,20120701,2012,3,7,July,1,6,Sunday,26,True,False,False,False
2012-07-02 08:26:00,20120702,2012,3,7,July,2,0,Monday,27,False,False,False,False
2012-07-03 08:26:00,20120703,2012,3,7,July,3,1,Tuesday,27,False,False,False,False
2012-07-04 08:26:00,20120704,2012,3,7,July,4,2,Wednesday,27,False,False,False,False
2012-07-05 08:26:00,20120705,2012,3,7,July,5,3,Thursday,27,False,False,False,False
2012-07-06 08:26:00,20120706,2012,3,7,July,6,4,Friday,27,False,False,False,False
2012-07-07 08:26:00,20120707,2012,3,7,July,7,5,Saturday,27,True,False,False,False
2012-07-08 08:26:00,20120708,2012,3,7,July,8,6,Sunday,27,True,False,False,False
2012-07-09 08:26:00,20120709,2012,3,7,July,9,0,Monday,28,False,False,False,False
2012-07-10 08:26:00,20120710,2012,3,7,July,10,1,Tuesday,28,False,False,False,False
2012-07-11 08:26:00,20120711,2012,3,7,July,11,2,Wednesday,28,False,False,False,False
2012-07-12 08:26:00,20120712,2012,3,7,July,12,3,Thursday,28,False,False,False,False
2012-07-13 08:26:00,20120713,2012,3,7,July,13,4,Friday,28,False,False,False,False
2012-07-14 08:26:00,20120714,2012,3,7,July,14,5,Saturday,28,True,False,False,False
2012-07-15 08:26:00,20120715,2012,3,7,July,15,6,Sunday,28,True,False,False,False
2012-07-16 08:26:00,20120716,2012,3,7,July,16,0,Monday,29,False,False,False,False
2012-07-17 08:26:00,20120717,2012,3,7,July,17,1,Tuesday,29,False,False,False,False
2012-07-18 08:26:00,20120718,2012,3,7,July,18,2,Wednesday,29,False,False,False,False
2012-07-19 08:26:00,20120719,2012,3,7,July,19,3,Thursday,29,False,False,False,False
2012-07-20 08:26:00,20120720,2012,3,7,July,20,4,Friday,29,False,False,False,False
2012-07-21 08:26:00,20120721,2012,3,7,July,21,5,Saturday,29,True,False,False,False
2012-07-22 08:26:00,20120722,2012,3,7,July,22,6,Sunday,29,True,False,False,False
2012-07-23 08:26:00,20120723,2012,3,7,July,23,0,Monday,30,False,False,False,False
2012-07-24 08:26:00,20120724,2012,3,7,July,24,1,Tuesday,30,False,False,False,False
2012-07-25 08:26:00,20120725,2012,3,7,July,25,2,Wednesday,30,False,False,False,False
2012-07-26 08:26:00,20120726,2012,3,7,July,26,3,Thursday,30,False,False,False,False
2012-07-27 08:26:00,20120727,2012,3,7,July,27,4,Friday,30,False,False,False,False
2012-07-28 08:26:00,20120728,2012,3,7,July,28,5,Saturday,30,True,False,False,False
2012-07-29 08:26:00,20120729,2012,3,7,July,29,6,Sunday,30,True,False,False,False
2012-07-30 08:26:00,20120730,2012,3,7,July,30,0,Monday,31,False,False,False,False
2012-07-31 08:26:00,20120731,2012,3,7,July,31,1,Tuesday,31,False,True,False,False
2012-08-01 08:26:00,20120801,2012,3,8,August,1,2,Wednesday,31,False,False,False,False
2012-08-02 08:26:00,20120802,2012,3,8,August,2,3,Thursday,31,False,False,False,False
2012-08-03 08:26:00,20120803,2012,3,8,August,3,4,Friday,31,False,False,False,False
2012-08-04 08:26:00,20120804,2012,3,8,August,4,5,Saturday,31,True,False,False,False
2012-08-05 08:26:00,20120805,2012,3,8,August,5,6,Sunday,31,True,False,False,False
2012-08-06 08:26:00,20120806,2012,3,8,August,6,0,Monday,32,False,False,False,False
2012-08-07 08:26:00,20120807,2012,3,8,August,7,1,Tuesday,32,False,False,False,False
2012-08-08 08:26:00,20120808,2012,3,8,August,8,2,Wednesday,32,False,False,False,False
2012-08-09 08:26:00,20120809,2012,3,8,August,9,3,Thursday,32,False,False,False,False
2012-08-10 08:26:00,20120810,2012,3,8,August,10,4,Friday,32,False,False,False,False
2012-08-11 08:26:00,20120811,2012,3,8,August,11,5,Saturday,32,True,False,False,False
2012-08-12 08:26:00,20120812,2012,3,8,August,12,6,Sunday,32,True,False,False,False
2012-08-13 08:26:00,20120813,2012,3,8,August,13,0,Monday,33,False,False,False,False
2012-08-14 08:26:00,20120814,2012,3,8,August,14,1,Tuesday,33,False,False,False,False
2012-08-15 08:26:00,20120815,2012,3,8,August,15,2,Wednesday,33,False,False,False,False
2012-08-16 08:26:00,20120816,2012,3,8,August,16,3,Thursday,33,False,False,False,False
2012-08-17 08:26:00,20120817,2012,3,8,August,17,4,Friday,33,False,False,False,False
2012-08-18 08:26:00,20120818,2012,3,8,August,18,5,Saturday,33,True,False,False,False
2012-08-19 08:26:00,20120819,2012,3,8,August,19,6,Sunday,33,True,False,False,False
2012-08-20 08:26:00,20120820,2012,3,8,August,20,0,Monday,34,False,False,False,False
2012-08-21 08:26:00,20120821,2012,3,8,August,21,1,Tuesday,34,False,False,False,False
2012-08-22 08:26:00,20120822,2012,3,8,August,22,2,Wednesday,34,False,False,False,False
2012-08-23 08:26:00,20120823,2012,3,8,August,23,3,Thursday,34,False,False,False,False
2012-08-24 08:26:00,20120824,2012,3,8,August,24,4,Friday,34,False,False,False,False
2012-08-25 08:26:00,20120825,2012,3,8,August,25,5,Saturday,34,True,False,False,False
2012-08-26 08:26:00,20120826,2012,3,8,August,26,6,Sunday,34,True,False,False,False
2012-08-27 08:26:00,20120827,2012,3,8,August,27,0,Monday,35,False,False,False,False
2012-08-28 08:26:00,20120828,2012,3,8,August,28,1,Tuesday,35,False,False,False,False
2012-08-29 08:26:00,20120829,2012,3,8,August,29,2,Wednesday,35,False,False,False,False
2012-08-30 08:26:00,20120830,2012,3,8,August,30,3,Thursday,35,False,False,False,False
2012-08-31 08:26:00,20120831,2012,3,8,August,31,4,Friday,35,False,True,False,False
2012-09-01 08:26:00,20120901,2012,3,9,September,1,5,Saturday,35,True,False,False,False
2012-09-02 08:26:00,20120902,2012,3,9,September,2,6,Sunday,35,True,False,False,False
2012-09-03 08:26:00,20120903,2012,3,9,September,3,0,Monday,36,False,False,False,False
2012-09-04 08:26:00,20120904,2012,3,9,September,4,1,Tuesday,36,False,False,False,False
2012-09-05 08:26:00,20120905,2012,3,9,September,5,2,Wednesday,36,False,False,False,False
2012-09-06 08:26:00,20120906,2012,3,9,September,6,3,Thursday,36,False,False,False,False
2012-09-07 08:26:00,20120907,2012,3,9,September,7,4,Friday,36,False,False,False,False
2012-09-08 08:26:00,20120908,2012,3,9,September,8,5,Saturday,36,True,False,False,False
2012-09-09 08:26:00,20120909,2012,3,9,September,9,6,Sunday,36,True,False,False,False
2012-09-10 08:26:00,20120910,2012,3,9,September,10,0,Monday,37,False,False,False,False
2012-09-11 08:26:00,20120911,2012,3,9,September,11,1,Tuesday,37,False,False,False,False
2012-09-12 08:26:00,20120912,2012,3,9,September,12,2,Wednesday,37,False,False,False,False
2012-09-13 08:26:00,20120913,2012,3,9,September,13,3,Thursday,37,False,False,False,False
2012-09-14 08:26:00,20120914,2012,3,9,September,14,4,Friday,37,False,False,False,False
2012-09-15 08:26:00,20120915,2012,3,9,September,15,5,Saturday,37,True,False,False,False
2012-09-16 08:26:00,20120916,2012,3,9,September,16,6,Sunday,37,True,False,False,False
2012-09-17 08:26:00,20120917,2012,3,9,September,17,0,Monday,38,False,False,False,False
2012-09-18 08:26:00,20120918,2012,3,9,September,18,1,Tuesday,38,False,False,False,False
2012-09-19 08:26:00,20120919,2012,3,9,September,19,2,Wednesday,38,False,False,False,False
2012-09-20 08:26:00,20120920,2012,3,9,September,20,3,Thursday,38,False,False,False,False
2012-09-21 08:26:00,20120921,2012,3,9,September,21,4,Friday,38,False,False,False,False
2012-09-22 08:26:00,20120922,2012,3,9,September,22,5,Saturday,38,True,False,False,False
2012-09-23 08:26:00,20120923,2012,3,9,September,23,6,Sunday,38,True,False,False,False
2012-09-24 08:26:00,20120924,2012,3,9,September,24,0,Monday,39,False,False,False,False
2012-09-25 08:26:00,20120925,2012,3,9,September,25,1,Tuesday,39,False,False,False,False
2012-09-26 08:26:00,20120926,2012,3,9,September,26,2,Wednesday,39,False,False,False,False
2012-09-27 08:26:00,20120927,2012,3,9,September,27,3,Thursday,39,False,False,False,False
2012-09-28 08:26:00,20120928,2012,3,9,September,28,4,Friday,39,False,False,False,False
2012-09-29 08:26:00,20120929,2012,3,9,September,29,5,Saturday,39,True,False,False,False
2012-09-30 08:26:00,20120930,2012,3,9,September,30,6,Sunday,39,True,True,True,False
2012-10-01 08:26:00,20121001,2012,4,10,October,1,0,Monday,40,False,False,False,False
2012-10-02 08:26:00,20121002,2012,4,10,October,2,1,Tuesday,40,False,False,False,False
2012-10-03 08:26:00,20121003,2012,4,10,October,3,2,Wednesday,40,False,False,False,False
2012-10-04 08:26:00,20121004,2012,4,10,October,4,3,Thursday,40,False,False,False,False
2012-10-05 08:26:00,20121005,2012,4,10,October,5,4,Friday,40,False,False,False,False
2012-10-06 08:26:00,20121006,2012,4,10,October,6,5,Saturday,40,True,False,False,False
2012-10-07 08:26:00,20121007,2012,4,10,October,7,6,Sunday,40,True,False,False,False
2012-10-08 08:26:00,20121008,2012,4,10,October,8,0,Monday,41,False,False,False,False
2012-10-09 08:26:00,20121009,2012,4,10,October,9,1,Tuesday,41,False,False,False,False
2012-10-10 08:26:00,20121010,2012,4,10,October,10,2,Wednesday,41,False,False,False,False
2012-10-11 08:26:00,20121011,2012,4,10,October,11,3,Thursday,41,False,False,False,False
2012-10-12 08:26:00,20121012,2012,4,10,October,12,4,Friday,41,False,False,False,False
2012-10-13 08:26:00,20121013,2012,4,10,October,13,5,Saturday,41,True,False,False,False
2012-10-14 08:26:00,20121014,2012,4,10,October,14,6,Sunday,41,True,False,False,False
2012-10-15 08:26:00,20121015,2012,4,10,October,15,0,Monday,42,False,False,False,False
2012-10-16 08:26:00,20121016,2012,4,10,October,16,1,Tuesday,42,False,False,False,False
2012-10-17 08:26:00,20121017,2012,4,10,October,17,2,Wednesday,42,False,False,False,False
2012-10-18 08:26:00,20121018,2012,4,10,October,18,3,Thursday,42,False,False,False,False
2012-10-19 08:26:00,20121019,2012,4,10,October,19,4,Friday,42,False,False,False,False
2012-10-20 08:26:00,20121020,2012,4,10,October,20,5,Saturday,42,True,False,False,False
2012-10-21 08:26:00,20121021,2012,4,10,October,21,6,Sunday,42,True,False,False,False
2012-10-22 08:26:00,20121022,2012,4,10,October,22,0,Monday,43,False,False,False,False
2012-10-23 08:26:00,20121023,2012,4,10,October,23,1,Tuesday,43,False,False,False,False
2012-10-24 08:26:00,20121024,2012,4,10,October,24,2,Wednesday,43,False,False,False,False
2012-10-25 08:26:00,20121025,2012,4,10,October,25,3,Thursday,43,False,False,False,False
2012-10-26 08:26:00,20121026,2012,4,10,October,26,4,Friday,43,False,False,False,False
2012-10-27 08:26:00,20121027,2012,4,10,October,27,5,Saturday,43,True,False,False,False
2012-10-28 08:26:00,20121028,2012,4,10,October,28,6,Sunday,43,True,False,False,False
2012-10-29 08:26:00,20121029,2012,4,10,October,29,0,Monday,44,False,False,False,False
2012-10-30 08:26:00,20121030,2012,4,10,October,30,1,Tuesday,44,False,False,False,False
2012-10-31 08:26:00,20121031,2012,4,10,October,31,2,Wednesday,44,False,True,False,False
2012-11-01 08:26:00,20121101,2012,4,11,November,1,3,Thursday,44,False,False,False,False
2012-11-02 08:26:00,20121102,2012,4,11,November,2,4,Friday,44,False,False,False,False
2012-11-03 08:26:00,20121103,2012,4,11,November,3,5,Saturday,44,True,False,False,False
2012-11-04 08:26:00,20121104,2012,4,11,November,4,6,Sunday,44,True,False,False,False
2012-11-05 08:26:00,20121105,2012,4,11,November,5,0,Monday,45,False,False,False,False
2012-11-06 08:26:00,20121106,2012,4,11,November,6,1,Tuesday,45,False,False,False,False
2012-11-07 08:26:00,20121107,2012,4,11,November,7,2,Wednesday,45,False,False,False,False
2012-11-08 08:26:00,20121108,2012,4,11,November,8,3,Thursday,45,False,False,False,False
2012-11-09 08:26:00,20121109,2012,4,11,November,9,4,Friday,45,False,False,False,False
2012-11-10 08:26:00,20121110,2012,4,11,November,10,5,Saturday,45,True,False,False,False
2012-11-11 08:26:00,20121111,2012,4,11,November,11,6,Sunday,45,True,False,False,False
2012-11-12 08:26:00,20121112,2012,4,11,November,12,0,Monday,46,False,False,False,False
2012-11-13 08:26:00,20121113,2012,4,11,November,13,1,Tuesday,46,False,False,False,False
2012-11-14 08:26:00,20121114,2012,4,11,November,14,2,Wednesday,46,False,False,False,False
2012-11-15 08:26:00,20121115,2012,4,11,November,15,3,Thursday,46,False,False,False,False
2012-11-16 08:26:00,20121116,2012,4,11,November,16,4,Friday,46,False,False,False,False
2012-11-17 08:26:00,20121117,2012,4,11,November,17,5,Saturday,46,True,False,False,False
2012-11-18 08:26:00,20121118,2012,4,11,November,18,6,Sunday,46,True,False,False,False
2012-11-19 08:26:00,20121119,2012,4,11,November,19,0,Monday,47,False,False,False,False
2012-11-20 08:26:00,20121120,2012,4,11,November,20,1,Tuesday,47,False,False,False,False
2012-11-21 08:26:00,20121121,2012,4,11,November,21,2,Wednesday,47,False,False,False,False
2012-11-22 08:26:00,20121122,2012,4,11,November,22,3,Thursday,47,False,False,False,False
2012-11-23 08:26:00,20121123,2012,4,11,November,23,4,Friday,47,False,False,False,False
2012-11-24 08:26:00,20121124,2012,4,11,November,24,5,Saturday,47,True,False,False,False
2012-11-25 08:26:00,20121125,2012,4,11,November,25,6,Sunday,47,True,False,False,False
2012-11-26 08:26:00,20121126,2012,4,11,November,26,0,Monday,48,False,False,False,False
2012-11-27 08:26:00,20121127,2012,4,11,November,27,1,Tuesday,48,False,False,False,False
2012-11-28 08:26:00,20121128,2012,4,11,November,28,2,Wednesday,48,False,False,False,False
2012-11-29 08:26:00,20121129,2012,4,11,November,29,3,Thursday,48,False,False,False,False
2012-11-30 08:26:00,20121130,2012,4,11,November,30,4,Friday,48,False,True,False,False
2012-12-01 08:26:00,20121201,2012,4,12,December,1,5,Saturday,48,True,False,False,False
2012-12-02 08:26:00,20121202,2012,4,12,December,2,6,Sunday,48,True,False,False,False
2012-12-03 08:26:00,20121203,2012,4,12,December,3,0,Monday,49,False,False,False,False
2012-12-04 08:26:00,20121204,2012,4,12,December,4,1,Tuesday,49,False,False,False,False
2012-12-05 08:26:00,20121205,2012,4,12,December,5,2,Wednesday,49,False,False,False,False
2012-12-06 08:26:00,20121206,2012,4,12,December,6,3,Thursday,49,False,False,False,False
2012-12-07 08:26:00,20121207,2012,4,12,December,7,4,Friday,49,False,False,False,False
2012-12-08 08:26:00,20121208,2012,4,12,December,8,5,Saturday,49,True,False,False,False
